{
  "Process temperature [K]": {
    "mean": 0.0003386894502044928,
    "std": 0.9971500519863893,
    "min": -2.901985570278361,
    "max": 2.557486163771338,
    "q25": -0.8125581165062443,
    "q75": 0.7376622524214513
  },
  "Rotational speed [rpm]": {
    "mean": 0.0010984362952278408,
    "std": 1.0025474335069868,
    "min": -2.4338996010363254,
    "max": 2.455507082117204,
    "q25": -0.7268077831380484,
    "q75": 0.556871497250026
  },
  "Torque [Nm]": {
    "mean": 0.00160604155866955,
    "std": 1.0049974663162913,
    "min": -2.741894466929632,
    "max": 2.7452250677942747,
    "q25": -0.6842246414081672,
    "q75": 0.6875552422728096
  },
  "Tool wear [min]": {
    "mean": -0.004179041194536595,
    "std": 0.9993878874198315,
    "min": -1.6959837443286894,
    "max": 2.278818594835917,
    "q25": -0.8633176416578429,
    "q75": 0.8648572884137251
  }
}